<?xml version="1.0" encoding="UTF-8"?>
<LightningComponentBundle xmlns="http://soap.sforce.com/2006/04/metadata">
    <apiVersion>55.0</apiVersion>
    <isExposed>true</isExposed>
    <masterLabel>TestMetadata File Setup</masterLabel>
    <targets>
        <target>lightning__AppPage</target> <!--App Page-->
        <target>lightning__RecordPage</target> <!--Record Page-->
        <target>lightning__HomePage</target> <!--Home Page-->
        <target>lightningCommunity__Default</target> <!--Enables a component in Experience Builder to expose editable properties when the component is selected-->
        <target>lightningCommunity__Page</target> <!--Community Page-->
        <target>lightning__Tab</target> <!--Tab-->
        <target>lightning__FlowScreen</target> <!--Flow-->
    </targets>
    <targetConfigs>
        <targetConfig targets='lightning__RecordPage'>
            <property name="nameInput" type="String" />
            <objects>
                <object>Account</object>
            </objects>
        </targetConfig>
    </targetConfigs>
</LightningComponentBundle>